<?xml version="1.0" encoding="UTF-8"?>
<feature
      id="com.naturalsemantics.sadl.builtin.increment.feature"
      label="Feature"
      version="1.0.0.qualifier"
      provider-name="Natural Semantics, LLC">

   <description url="http://semanticapplicationdesignlanguage.github.io/sadl/ExternalWrappingJavaForJena.html">
      This feature demonstrates using a Java class and methods to provide the evaluation of
External equations in SADL.
   </description>

   <copyright url="http://naturalsemantics.com">
      Copyright 2022 by Natural Semantics, LLC.
   </copyright>

   <license url="http://www.eclipse.org/org/documents/epl-v10.php">
      This code is available under the Eclipse Public License.
   </license>

   <requires>
      <import feature="com.ge.research.sadl.feature" version="3.5.0.qualifier"/>
   </requires>

   <plugin
         id="com.naturalsemantics.sadl.builtin.increment"
         download-size="0"
         install-size="0"
         version="0.0.0"
         unpack="false"/>

</feature>
